"时间戳记","How frequently do you use a headset?","Which factor is most important to you when choosing a headset?","hat type of headset do you prefer for gaming?","ow much are you willing to spend on a high-quality headset?","What feature do you prioritize for communication headsets (e.g., for calls or online meetings)?","Do you prefer wired or wireless headsets?","How important is the design and aesthetics of a headset to you?","What brand of headsets do you currently own or prefer?","Which additional features would you like in a headset? (Select up to two)","How do you primarily use your headset?"
"2023/11/16 1:45:02 下午 GMT","Daily","Comfort","Wireless in-ear","Over 200 pounds","Noise cancellation","Wireless","Very important","Apple","Surround sound;Touch controls","Music"
"2023/11/16 1:47:23 下午 GMT","Daily","Sound quality","Over-ear wired","100-200pounds","Noise cancellation","Wireless","Very important","Sony","Touch controls","Gaming"
"2023/11/16 1:47:36 下午 GMT","Daily","Sound quality","Over-ear wired;Wireless in-ear","Over 200 pounds","Microphone quality","Wireless","Somewhat important","Sony","Surround sound;Touch controls","Music"
"2023/11/16 1:47:42 下午 GMT","Daily","Sound quality","Over-ear wired","100-200pounds","Microphone quality","Depends on the use case","Somewhat important","Sennheiser","Surround sound","Music"
"2023/11/16 1:52:02 下午 GMT","Daily","Sound quality","Wireless in-ear;Virtual reality (VR)","100-200pounds","Noise cancellation","Wireless","Very important","Sennheiser","Surround sound;Customizable RGB lighting","Music"
"2023/11/16 1:55:08 下午 GMT","Daily","Comfort","Wireless in-ear","100-200pounds","Compatibility with devices","Wireless","Very important","Bang & Olufsen","Surround sound;Detachable microphone","Music"
"2023/11/16 2:31:12 下午 GMT","Daily","Sound quality","Wireless in-ear","Over 200 pounds","Noise cancellation","Wireless","Not important at all","Sony","Surround sound","Music"
"2023/11/16 2:41:03 下午 GMT","Daily","Sound quality","Wireless in-ear","Less than 50 pounds","Noise cancellation","Wireless","Somewhat important","Sony","Surround sound","Music"
"2023/11/16 2:47:25 下午 GMT","Daily","Sound quality","Over-ear wired","Over 200 pounds","Noise cancellation","Wireless","Very important","Sony","Surround sound","Music"
"2023/11/16 2:48:08 下午 GMT","Daily","Sound quality","Wireless in-ear","100-200pounds","Noise cancellation","Depends on the use case","Somewhat important","Apple","Surround sound;Touch controls","Music"
"2023/11/16 2:50:58 下午 GMT","Daily","Sound quality","Wireless in-ear","Less than 50 pounds","Compatibility with devices","No preference","Very important","Bose","Surround sound","Music"
"2023/11/16 2:54:00 下午 GMT","Daily","Comfort","Over-ear wired","50-100pounds","Compatibility with devices","Depends on the use case","Somewhat important","Sony","Surround sound;Touch controls","Music"
"2023/11/16 5:02:42 下午 GMT","Daily","Comfort","Over-ear wired","Over 200 pounds","Battery life","Wireless","Very important","Bose","Surround sound;Customizable RGB lighting;Detachable microphone;Touch controls","Music"